,accuracy,precision,recall,f1,roc_auc
logistic_regression,0.8987665296144016,0.7848898216159497,0.7491236855282924,0.7665898027158596,0.9561249185975478
random_forest,0.9302144682742527,0.9014662756598241,0.7696544817225839,0.8303619665045922,0.9744382712314688
xgboost,0.9342149127680853,0.895774647887324,0.7961942914371557,0.8430540827147401,0.978926473114413
